ID,P10
1,V_10-1
2,V_10-2
3,V_10-3
4,V_10-4
5,V_10-5
6,V_10-6
7,V_10-7
8,V_10-8
9,V_10-9
10,V_10-10
11,V_10-11
12,V_10-12
13,V_10-13
14,V_10-14
15,V_10-15
16,V_10-16
17,V_10-17
18,V_10-18
19,V_10-19
20,V_10-20
21,V_10-21
22,V_10-22
23,V_10-23
24,V_10-24
25,V_10-25
26,V_10-26
27,V_10-27
28,V_10-28
29,V_10-29
30,V_10-30
31,V_10-31
32,V_10-32
33,V_10-33
34,V_10-34
35,V_10-35
36,V_10-36
37,V_10-37
38,V_10-38
39,V_10-39
40,V_10-40
41,V_10-41
42,V_10-42
43,V_10-43
44,V_10-44
45,V_10-45
46,V_10-46
47,V_10-47
48,V_10-48
49,V_10-49
50,V_10-50
51,V_10-51
52,V_10-52
53,V_10-53
54,V_10-54
55,V_10-55
56,V_10-56
57,V_10-57
58,V_10-58
59,V_10-59
60,V_10-60
61,V_10-61
62,V_10-62
63,V_10-63
64,V_10-64
65,V_10-65
66,V_10-66
67,V_10-67
68,V_10-68
69,V_10-69
70,V_10-70
71,V_10-71
72,V_10-72
73,V_10-73
74,V_10-74
75,V_10-75
76,V_10-76
77,V_10-77
78,V_10-78
79,V_10-79
80,V_10-80
81,V_10-81
82,V_10-82
83,V_10-83
84,V_10-84
85,V_10-85
86,V_10-86
87,V_10-87
88,V_10-88
89,V_10-89
90,V_10-90
91,V_10-91
92,V_10-92
93,V_10-93
94,V_10-94
95,V_10-95
96,V_10-96
97,V_10-97
98,V_10-98
99,V_10-99
100,V_10-100
101,V_10-101
102,V_10-102
103,V_10-103
104,V_10-104
105,V_10-105
106,V_10-106
107,V_10-107
108,V_10-108
109,V_10-109
110,V_10-110
111,V_10-111
112,V_10-112
113,V_10-113
114,V_10-114
115,V_10-115
116,V_10-116
117,V_10-117
118,V_10-118
119,V_10-119
120,V_10-120
121,V_10-121
122,V_10-122
123,V_10-123
124,V_10-124
125,V_10-125
126,V_10-126
127,V_10-127
128,V_10-128
129,V_10-129
130,V_10-130
131,V_10-131
132,V_10-132
133,V_10-133
134,V_10-134
135,V_10-135
136,V_10-136
137,V_10-137
138,V_10-138
139,V_10-139
140,V_10-140
141,V_10-141
142,V_10-142
143,V_10-143
144,V_10-144
145,V_10-145
146,V_10-146
147,V_10-147
148,V_10-148
149,V_10-149
150,V_10-150
151,V_10-151
152,V_10-152
153,V_10-153
154,V_10-154
155,V_10-155
156,V_10-156
157,V_10-157
158,V_10-158
159,V_10-159
160,V_10-160
161,V_10-161
162,V_10-162
163,V_10-163
164,V_10-164
165,V_10-165
166,V_10-166
167,V_10-167
168,V_10-168
169,V_10-169
170,V_10-170
171,V_10-171
172,V_10-172
173,V_10-173
174,V_10-174
175,V_10-175
176,V_10-176
177,V_10-177
178,V_10-178
179,V_10-179
180,V_10-180
181,V_10-181
182,V_10-182
183,V_10-183
184,V_10-184
185,V_10-185
186,V_10-186
187,V_10-187
188,V_10-188
189,V_10-189
190,V_10-190
191,V_10-191
192,V_10-192
193,V_10-193
194,V_10-194
195,V_10-195
196,V_10-196
197,V_10-197
198,V_10-198
199,V_10-199
200,V_10-200
201,V_10-201
202,V_10-202
203,V_10-203
204,V_10-204
205,V_10-205
206,V_10-206
207,V_10-207
208,V_10-208
209,V_10-209
210,V_10-210
211,V_10-211
212,V_10-212
213,V_10-213
214,V_10-214
215,V_10-215
216,V_10-216
217,V_10-217
218,V_10-218
219,V_10-219
220,V_10-220
221,V_10-221
222,V_10-222
223,V_10-223
224,V_10-224
225,V_10-225
226,V_10-226
227,V_10-227
228,V_10-228
229,V_10-229
230,V_10-230
231,V_10-231
232,V_10-232
233,V_10-233
234,V_10-234
235,V_10-235
236,V_10-236
237,V_10-237
238,V_10-238
239,V_10-239
240,V_10-240
241,V_10-241
242,V_10-242
243,V_10-243
244,V_10-244
245,V_10-245
246,V_10-246
247,V_10-247
248,V_10-248
249,V_10-249
250,V_10-250
251,V_10-251
252,V_10-252
253,V_10-253
254,V_10-254
255,V_10-255
256,V_10-256
257,V_10-257
258,V_10-258
259,V_10-259
260,V_10-260
261,V_10-261
262,V_10-262
263,V_10-263
264,V_10-264
265,V_10-265
266,V_10-266
267,V_10-267
268,V_10-268
269,V_10-269
270,V_10-270
271,V_10-271
272,V_10-272
273,V_10-273
274,V_10-274
275,V_10-275
276,V_10-276
277,V_10-277
278,V_10-278
279,V_10-279
280,V_10-280
281,V_10-281
282,V_10-282
283,V_10-283
284,V_10-284
285,V_10-285
286,V_10-286
287,V_10-287
288,V_10-288
289,V_10-289
290,V_10-290
291,V_10-291
292,V_10-292
293,V_10-293
294,V_10-294
295,V_10-295
296,V_10-296
297,V_10-297
298,V_10-298
299,V_10-299
300,V_10-300
301,V_10-301
302,V_10-302
303,V_10-303
304,V_10-304
305,V_10-305
306,V_10-306
307,V_10-307
308,V_10-308
309,V_10-309
310,V_10-310
311,V_10-311
312,V_10-312
313,V_10-313
314,V_10-314
315,V_10-315
316,V_10-316
317,V_10-317
318,V_10-318
319,V_10-319
320,V_10-320
321,V_10-321
322,V_10-322
323,V_10-323
324,V_10-324
325,V_10-325
326,V_10-326
327,V_10-327
328,V_10-328
329,V_10-329
330,V_10-330
331,V_10-331
332,V_10-332
333,V_10-333
334,V_10-334
335,V_10-335
336,V_10-336
337,V_10-337
338,V_10-338
339,V_10-339
340,V_10-340
341,V_10-341
342,V_10-342
343,V_10-343
344,V_10-344
345,V_10-345
346,V_10-346
347,V_10-347
348,V_10-348
349,V_10-349
350,V_10-350
351,V_10-351
352,V_10-352
353,V_10-353
354,V_10-354
355,V_10-355
356,V_10-356
357,V_10-357
358,V_10-358
359,V_10-359
360,V_10-360
361,V_10-361
362,V_10-362
363,V_10-363
364,V_10-364
365,V_10-365
366,V_10-366
367,V_10-367
368,V_10-368
369,V_10-369
370,V_10-370
371,V_10-371
372,V_10-372
373,V_10-373
374,V_10-374
375,V_10-375
376,V_10-376
377,V_10-377
378,V_10-378
379,V_10-379
380,V_10-380
381,V_10-381
382,V_10-382
383,V_10-383
384,V_10-384
385,V_10-385
386,V_10-386
387,V_10-387
388,V_10-388
389,V_10-389
390,V_10-390
391,V_10-391
392,V_10-392
393,V_10-393
394,V_10-394
395,V_10-395
396,V_10-396
397,V_10-397
398,V_10-398
399,V_10-399
400,V_10-400
401,V_10-401
402,V_10-402
403,V_10-403
404,V_10-404
405,V_10-405
406,V_10-406
407,V_10-407
408,V_10-408
409,V_10-409
410,V_10-410
411,V_10-411
412,V_10-412
413,V_10-413
414,V_10-414
415,V_10-415
416,V_10-416
417,V_10-417
418,V_10-418
419,V_10-419
420,V_10-420
421,V_10-421
422,V_10-422
423,V_10-423
424,V_10-424
425,V_10-425
426,V_10-426
427,V_10-427
428,V_10-428
429,V_10-429
430,V_10-430
431,V_10-431
432,V_10-432
433,V_10-433
434,V_10-434
435,V_10-435
436,V_10-436
437,V_10-437
438,V_10-438
439,V_10-439
440,V_10-440
441,V_10-441
442,V_10-442
443,V_10-443
444,V_10-444
445,V_10-445
446,V_10-446
447,V_10-447
448,V_10-448
449,V_10-449
450,V_10-450
451,V_10-451
452,V_10-452
453,V_10-453
454,V_10-454
455,V_10-455
456,V_10-456
457,V_10-457
458,V_10-458
459,V_10-459
460,V_10-460
461,V_10-461
462,V_10-462
463,V_10-463
464,V_10-464
465,V_10-465
466,V_10-466
467,V_10-467
468,V_10-468
469,V_10-469
470,V_10-470
471,V_10-471
472,V_10-472
473,V_10-473
474,V_10-474
475,V_10-475
476,V_10-476
477,V_10-477
478,V_10-478
479,V_10-479
480,V_10-480
481,V_10-481
482,V_10-482
483,V_10-483
484,V_10-484
485,V_10-485
486,V_10-486
487,V_10-487
488,V_10-488
489,V_10-489
490,V_10-490
491,V_10-491
492,V_10-492
493,V_10-493
494,V_10-494
495,V_10-495
496,V_10-496
497,V_10-497
498,V_10-498
499,V_10-499
500,V_10-500
501,V_10-501
502,V_10-502
503,V_10-503
504,V_10-504
505,V_10-505
506,V_10-506
507,V_10-507
508,V_10-508
509,V_10-509
510,V_10-510
511,V_10-511
512,V_10-512
513,V_10-513
514,V_10-514
515,V_10-515
516,V_10-516
517,V_10-517
518,V_10-518
519,V_10-519
520,V_10-520
521,V_10-521
522,V_10-522
523,V_10-523
524,V_10-524
525,V_10-525
526,V_10-526
527,V_10-527
528,V_10-528
529,V_10-529
530,V_10-530
531,V_10-531
532,V_10-532
533,V_10-533
534,V_10-534
535,V_10-535
536,V_10-536
537,V_10-537
538,V_10-538
539,V_10-539
540,V_10-540
541,V_10-541
542,V_10-542
543,V_10-543
544,V_10-544
545,V_10-545
546,V_10-546
547,V_10-547
548,V_10-548
549,V_10-549
550,V_10-550
551,V_10-551
552,V_10-552
553,V_10-553
554,V_10-554
555,V_10-555
556,V_10-556
557,V_10-557
558,V_10-558
559,V_10-559
560,V_10-560
561,V_10-561
562,V_10-562
563,V_10-563
564,V_10-564
565,V_10-565
566,V_10-566
567,V_10-567
568,V_10-568
569,V_10-569
570,V_10-570
571,V_10-571
572,V_10-572
573,V_10-573
574,V_10-574
575,V_10-575
576,V_10-576
577,V_10-577
578,V_10-578
579,V_10-579
580,V_10-580
581,V_10-581
582,V_10-582
583,V_10-583
584,V_10-584
585,V_10-585
586,V_10-586
587,V_10-587
588,V_10-588
589,V_10-589
590,V_10-590
591,V_10-591
592,V_10-592
593,V_10-593
594,V_10-594
595,V_10-595
596,V_10-596
597,V_10-597
598,V_10-598
599,V_10-599
600,V_10-600
601,V_10-601
602,V_10-602
603,V_10-603
604,V_10-604
605,V_10-605
606,V_10-606
607,V_10-607
608,V_10-608
609,V_10-609
610,V_10-610
611,V_10-611
612,V_10-612
613,V_10-613
614,V_10-614
615,V_10-615
616,V_10-616
617,V_10-617
618,V_10-618
619,V_10-619
620,V_10-620
621,V_10-621
622,V_10-622
623,V_10-623
624,V_10-624
625,V_10-625
626,V_10-626
627,V_10-627
628,V_10-628
629,V_10-629
630,V_10-630
631,V_10-631
632,V_10-632
633,V_10-633
634,V_10-634
635,V_10-635
636,V_10-636
637,V_10-637
638,V_10-638
639,V_10-639
640,V_10-640
641,V_10-641
642,V_10-642
643,V_10-643
644,V_10-644
645,V_10-645
646,V_10-646
647,V_10-647
648,V_10-648
649,V_10-649
650,V_10-650
651,V_10-651
652,V_10-652
653,V_10-653
654,V_10-654
655,V_10-655
656,V_10-656
657,V_10-657
658,V_10-658
659,V_10-659
660,V_10-660
661,V_10-661
662,V_10-662
663,V_10-663
664,V_10-664
665,V_10-665
666,V_10-666
667,V_10-667
668,V_10-668
669,V_10-669
670,V_10-670
671,V_10-671
672,V_10-672
673,V_10-673
674,V_10-674
675,V_10-675
676,V_10-676
677,V_10-677
678,V_10-678
679,V_10-679
680,V_10-680
681,V_10-681
682,V_10-682
683,V_10-683
684,V_10-684
685,V_10-685
686,V_10-686
687,V_10-687
688,V_10-688
689,V_10-689
690,V_10-690
691,V_10-691
692,V_10-692
693,V_10-693
694,V_10-694
695,V_10-695
696,V_10-696
697,V_10-697
698,V_10-698
699,V_10-699
700,V_10-700
701,V_10-701
702,V_10-702
703,V_10-703
704,V_10-704
705,V_10-705
706,V_10-706
707,V_10-707
708,V_10-708
709,V_10-709
710,V_10-710
711,V_10-711
712,V_10-712
713,V_10-713
714,V_10-714
715,V_10-715
716,V_10-716
717,V_10-717
718,V_10-718
719,V_10-719
720,V_10-720
721,V_10-721
722,V_10-722
723,V_10-723
724,V_10-724
725,V_10-725
726,V_10-726
727,V_10-727
728,V_10-728
729,V_10-729
730,V_10-730
731,V_10-731
732,V_10-732
733,V_10-733
734,V_10-734
735,V_10-735
736,V_10-736
737,V_10-737
738,V_10-738
739,V_10-739
740,V_10-740
741,V_10-741
742,V_10-742
743,V_10-743
744,V_10-744
745,V_10-745
746,V_10-746
747,V_10-747
748,V_10-748
749,V_10-749
750,V_10-750
751,V_10-751
752,V_10-752
753,V_10-753
754,V_10-754
755,V_10-755
756,V_10-756
757,V_10-757
758,V_10-758
759,V_10-759
760,V_10-760
761,V_10-761
762,V_10-762
763,V_10-763
764,V_10-764
765,V_10-765
766,V_10-766
767,V_10-767
768,V_10-768
769,V_10-769
770,V_10-770
771,V_10-771
772,V_10-772
773,V_10-773
774,V_10-774
775,V_10-775
776,V_10-776
777,V_10-777
778,V_10-778
779,V_10-779
780,V_10-780
781,V_10-781
782,V_10-782
783,V_10-783
784,V_10-784
785,V_10-785
786,V_10-786
787,V_10-787
788,V_10-788
789,V_10-789
790,V_10-790
791,V_10-791
792,V_10-792
793,V_10-793
794,V_10-794
795,V_10-795
796,V_10-796
797,V_10-797
798,V_10-798
799,V_10-799
800,V_10-800
801,V_10-801
802,V_10-802
803,V_10-803
804,V_10-804
805,V_10-805
806,V_10-806
807,V_10-807
808,V_10-808
809,V_10-809
810,V_10-810
811,V_10-811
812,V_10-812
813,V_10-813
814,V_10-814
815,V_10-815
816,V_10-816
817,V_10-817
818,V_10-818
819,V_10-819
820,V_10-820
821,V_10-821
822,V_10-822
823,V_10-823
824,V_10-824
825,V_10-825
826,V_10-826
827,V_10-827
828,V_10-828
829,V_10-829
830,V_10-830
831,V_10-831
832,V_10-832
833,V_10-833
834,V_10-834
835,V_10-835
836,V_10-836
837,V_10-837
838,V_10-838
839,V_10-839
840,V_10-840
841,V_10-841
842,V_10-842
843,V_10-843
844,V_10-844
845,V_10-845
846,V_10-846
847,V_10-847
848,V_10-848
849,V_10-849
850,V_10-850
851,V_10-851
852,V_10-852
853,V_10-853
854,V_10-854
855,V_10-855
856,V_10-856
857,V_10-857
858,V_10-858
859,V_10-859
860,V_10-860
861,V_10-861
862,V_10-862
863,V_10-863
864,V_10-864
865,V_10-865
866,V_10-866
867,V_10-867
868,V_10-868
869,V_10-869
870,V_10-870
871,V_10-871
872,V_10-872
873,V_10-873
874,V_10-874
875,V_10-875
876,V_10-876
877,V_10-877
878,V_10-878
879,V_10-879
880,V_10-880
881,V_10-881
882,V_10-882
883,V_10-883
884,V_10-884
885,V_10-885
886,V_10-886
887,V_10-887
888,V_10-888
889,V_10-889
890,V_10-890
891,V_10-891
892,V_10-892
893,V_10-893
894,V_10-894
895,V_10-895
896,V_10-896
897,V_10-897
898,V_10-898
899,V_10-899
900,V_10-900
901,V_10-901
902,V_10-902
903,V_10-903
904,V_10-904
905,V_10-905
906,V_10-906
907,V_10-907
908,V_10-908
909,V_10-909
910,V_10-910
911,V_10-911
912,V_10-912
913,V_10-913
914,V_10-914
915,V_10-915
916,V_10-916
917,V_10-917
918,V_10-918
919,V_10-919
920,V_10-920
921,V_10-921
922,V_10-922
923,V_10-923
924,V_10-924
925,V_10-925
926,V_10-926
927,V_10-927
928,V_10-928
929,V_10-929
930,V_10-930
931,V_10-931
932,V_10-932
933,V_10-933
934,V_10-934
935,V_10-935
936,V_10-936
937,V_10-937
938,V_10-938
939,V_10-939
940,V_10-940
941,V_10-941
942,V_10-942
943,V_10-943
944,V_10-944
945,V_10-945
946,V_10-946
947,V_10-947
948,V_10-948
949,V_10-949
950,V_10-950
951,V_10-951
952,V_10-952
953,V_10-953
954,V_10-954
955,V_10-955
956,V_10-956
957,V_10-957
958,V_10-958
959,V_10-959
960,V_10-960
961,V_10-961
962,V_10-962
963,V_10-963
964,V_10-964
965,V_10-965
966,V_10-966
967,V_10-967
968,V_10-968
969,V_10-969
970,V_10-970
971,V_10-971
972,V_10-972
973,V_10-973
974,V_10-974
975,V_10-975
976,V_10-976
977,V_10-977
978,V_10-978
979,V_10-979
980,V_10-980
981,V_10-981
982,V_10-982
983,V_10-983
984,V_10-984
985,V_10-985
986,V_10-986
987,V_10-987
988,V_10-988
989,V_10-989
990,V_10-990
991,V_10-991
992,V_10-992
993,V_10-993
994,V_10-994
995,V_10-995
996,V_10-996
997,V_10-997
998,V_10-998
999,V_10-999
1000,V_10-1000
