ID,P11
1,V_11-1
2,V_11-2
3,V_11-3
4,V_11-4
5,V_11-5
6,V_11-6
7,V_11-7
8,V_11-8
9,V_11-9
10,V_11-10
11,V_11-11
12,V_11-12
13,V_11-13
14,V_11-14
15,V_11-15
16,V_11-16
17,V_11-17
18,V_11-18
19,V_11-19
20,V_11-20
21,V_11-21
22,V_11-22
23,V_11-23
24,V_11-24
25,V_11-25
26,V_11-26
27,V_11-27
28,V_11-28
29,V_11-29
30,V_11-30
31,V_11-31
32,V_11-32
33,V_11-33
34,V_11-34
35,V_11-35
36,V_11-36
37,V_11-37
38,V_11-38
39,V_11-39
40,V_11-40
41,V_11-41
42,V_11-42
43,V_11-43
44,V_11-44
45,V_11-45
46,V_11-46
47,V_11-47
48,V_11-48
49,V_11-49
50,V_11-50
51,V_11-51
52,V_11-52
53,V_11-53
54,V_11-54
55,V_11-55
56,V_11-56
57,V_11-57
58,V_11-58
59,V_11-59
60,V_11-60
61,V_11-61
62,V_11-62
63,V_11-63
64,V_11-64
65,V_11-65
66,V_11-66
67,V_11-67
68,V_11-68
69,V_11-69
70,V_11-70
71,V_11-71
72,V_11-72
73,V_11-73
74,V_11-74
75,V_11-75
76,V_11-76
77,V_11-77
78,V_11-78
79,V_11-79
80,V_11-80
81,V_11-81
82,V_11-82
83,V_11-83
84,V_11-84
85,V_11-85
86,V_11-86
87,V_11-87
88,V_11-88
89,V_11-89
90,V_11-90
91,V_11-91
92,V_11-92
93,V_11-93
94,V_11-94
95,V_11-95
96,V_11-96
97,V_11-97
98,V_11-98
99,V_11-99
100,V_11-100
101,V_11-101
102,V_11-102
103,V_11-103
104,V_11-104
105,V_11-105
106,V_11-106
107,V_11-107
108,V_11-108
109,V_11-109
110,V_11-110
111,V_11-111
112,V_11-112
113,V_11-113
114,V_11-114
115,V_11-115
116,V_11-116
117,V_11-117
118,V_11-118
119,V_11-119
120,V_11-120
121,V_11-121
122,V_11-122
123,V_11-123
124,V_11-124
125,V_11-125
126,V_11-126
127,V_11-127
128,V_11-128
129,V_11-129
130,V_11-130
131,V_11-131
132,V_11-132
133,V_11-133
134,V_11-134
135,V_11-135
136,V_11-136
137,V_11-137
138,V_11-138
139,V_11-139
140,V_11-140
141,V_11-141
142,V_11-142
143,V_11-143
144,V_11-144
145,V_11-145
146,V_11-146
147,V_11-147
148,V_11-148
149,V_11-149
150,V_11-150
151,V_11-151
152,V_11-152
153,V_11-153
154,V_11-154
155,V_11-155
156,V_11-156
157,V_11-157
158,V_11-158
159,V_11-159
160,V_11-160
161,V_11-161
162,V_11-162
163,V_11-163
164,V_11-164
165,V_11-165
166,V_11-166
167,V_11-167
168,V_11-168
169,V_11-169
170,V_11-170
171,V_11-171
172,V_11-172
173,V_11-173
174,V_11-174
175,V_11-175
176,V_11-176
177,V_11-177
178,V_11-178
179,V_11-179
180,V_11-180
181,V_11-181
182,V_11-182
183,V_11-183
184,V_11-184
185,V_11-185
186,V_11-186
187,V_11-187
188,V_11-188
189,V_11-189
190,V_11-190
191,V_11-191
192,V_11-192
193,V_11-193
194,V_11-194
195,V_11-195
196,V_11-196
197,V_11-197
198,V_11-198
199,V_11-199
200,V_11-200
201,V_11-201
202,V_11-202
203,V_11-203
204,V_11-204
205,V_11-205
206,V_11-206
207,V_11-207
208,V_11-208
209,V_11-209
210,V_11-210
211,V_11-211
212,V_11-212
213,V_11-213
214,V_11-214
215,V_11-215
216,V_11-216
217,V_11-217
218,V_11-218
219,V_11-219
220,V_11-220
221,V_11-221
222,V_11-222
223,V_11-223
224,V_11-224
225,V_11-225
226,V_11-226
227,V_11-227
228,V_11-228
229,V_11-229
230,V_11-230
231,V_11-231
232,V_11-232
233,V_11-233
234,V_11-234
235,V_11-235
236,V_11-236
237,V_11-237
238,V_11-238
239,V_11-239
240,V_11-240
241,V_11-241
242,V_11-242
243,V_11-243
244,V_11-244
245,V_11-245
246,V_11-246
247,V_11-247
248,V_11-248
249,V_11-249
250,V_11-250
251,V_11-251
252,V_11-252
253,V_11-253
254,V_11-254
255,V_11-255
256,V_11-256
257,V_11-257
258,V_11-258
259,V_11-259
260,V_11-260
261,V_11-261
262,V_11-262
263,V_11-263
264,V_11-264
265,V_11-265
266,V_11-266
267,V_11-267
268,V_11-268
269,V_11-269
270,V_11-270
271,V_11-271
272,V_11-272
273,V_11-273
274,V_11-274
275,V_11-275
276,V_11-276
277,V_11-277
278,V_11-278
279,V_11-279
280,V_11-280
281,V_11-281
282,V_11-282
283,V_11-283
284,V_11-284
285,V_11-285
286,V_11-286
287,V_11-287
288,V_11-288
289,V_11-289
290,V_11-290
291,V_11-291
292,V_11-292
293,V_11-293
294,V_11-294
295,V_11-295
296,V_11-296
297,V_11-297
298,V_11-298
299,V_11-299
300,V_11-300
301,V_11-301
302,V_11-302
303,V_11-303
304,V_11-304
305,V_11-305
306,V_11-306
307,V_11-307
308,V_11-308
309,V_11-309
310,V_11-310
311,V_11-311
312,V_11-312
313,V_11-313
314,V_11-314
315,V_11-315
316,V_11-316
317,V_11-317
318,V_11-318
319,V_11-319
320,V_11-320
321,V_11-321
322,V_11-322
323,V_11-323
324,V_11-324
325,V_11-325
326,V_11-326
327,V_11-327
328,V_11-328
329,V_11-329
330,V_11-330
331,V_11-331
332,V_11-332
333,V_11-333
334,V_11-334
335,V_11-335
336,V_11-336
337,V_11-337
338,V_11-338
339,V_11-339
340,V_11-340
341,V_11-341
342,V_11-342
343,V_11-343
344,V_11-344
345,V_11-345
346,V_11-346
347,V_11-347
348,V_11-348
349,V_11-349
350,V_11-350
351,V_11-351
352,V_11-352
353,V_11-353
354,V_11-354
355,V_11-355
356,V_11-356
357,V_11-357
358,V_11-358
359,V_11-359
360,V_11-360
361,V_11-361
362,V_11-362
363,V_11-363
364,V_11-364
365,V_11-365
366,V_11-366
367,V_11-367
368,V_11-368
369,V_11-369
370,V_11-370
371,V_11-371
372,V_11-372
373,V_11-373
374,V_11-374
375,V_11-375
376,V_11-376
377,V_11-377
378,V_11-378
379,V_11-379
380,V_11-380
381,V_11-381
382,V_11-382
383,V_11-383
384,V_11-384
385,V_11-385
386,V_11-386
387,V_11-387
388,V_11-388
389,V_11-389
390,V_11-390
391,V_11-391
392,V_11-392
393,V_11-393
394,V_11-394
395,V_11-395
396,V_11-396
397,V_11-397
398,V_11-398
399,V_11-399
400,V_11-400
401,V_11-401
402,V_11-402
403,V_11-403
404,V_11-404
405,V_11-405
406,V_11-406
407,V_11-407
408,V_11-408
409,V_11-409
410,V_11-410
411,V_11-411
412,V_11-412
413,V_11-413
414,V_11-414
415,V_11-415
416,V_11-416
417,V_11-417
418,V_11-418
419,V_11-419
420,V_11-420
421,V_11-421
422,V_11-422
423,V_11-423
424,V_11-424
425,V_11-425
426,V_11-426
427,V_11-427
428,V_11-428
429,V_11-429
430,V_11-430
431,V_11-431
432,V_11-432
433,V_11-433
434,V_11-434
435,V_11-435
436,V_11-436
437,V_11-437
438,V_11-438
439,V_11-439
440,V_11-440
441,V_11-441
442,V_11-442
443,V_11-443
444,V_11-444
445,V_11-445
446,V_11-446
447,V_11-447
448,V_11-448
449,V_11-449
450,V_11-450
451,V_11-451
452,V_11-452
453,V_11-453
454,V_11-454
455,V_11-455
456,V_11-456
457,V_11-457
458,V_11-458
459,V_11-459
460,V_11-460
461,V_11-461
462,V_11-462
463,V_11-463
464,V_11-464
465,V_11-465
466,V_11-466
467,V_11-467
468,V_11-468
469,V_11-469
470,V_11-470
471,V_11-471
472,V_11-472
473,V_11-473
474,V_11-474
475,V_11-475
476,V_11-476
477,V_11-477
478,V_11-478
479,V_11-479
480,V_11-480
481,V_11-481
482,V_11-482
483,V_11-483
484,V_11-484
485,V_11-485
486,V_11-486
487,V_11-487
488,V_11-488
489,V_11-489
490,V_11-490
491,V_11-491
492,V_11-492
493,V_11-493
494,V_11-494
495,V_11-495
496,V_11-496
497,V_11-497
498,V_11-498
499,V_11-499
500,V_11-500
501,V_11-501
502,V_11-502
503,V_11-503
504,V_11-504
505,V_11-505
506,V_11-506
507,V_11-507
508,V_11-508
509,V_11-509
510,V_11-510
511,V_11-511
512,V_11-512
513,V_11-513
514,V_11-514
515,V_11-515
516,V_11-516
517,V_11-517
518,V_11-518
519,V_11-519
520,V_11-520
521,V_11-521
522,V_11-522
523,V_11-523
524,V_11-524
525,V_11-525
526,V_11-526
527,V_11-527
528,V_11-528
529,V_11-529
530,V_11-530
531,V_11-531
532,V_11-532
533,V_11-533
534,V_11-534
535,V_11-535
536,V_11-536
537,V_11-537
538,V_11-538
539,V_11-539
540,V_11-540
541,V_11-541
542,V_11-542
543,V_11-543
544,V_11-544
545,V_11-545
546,V_11-546
547,V_11-547
548,V_11-548
549,V_11-549
550,V_11-550
551,V_11-551
552,V_11-552
553,V_11-553
554,V_11-554
555,V_11-555
556,V_11-556
557,V_11-557
558,V_11-558
559,V_11-559
560,V_11-560
561,V_11-561
562,V_11-562
563,V_11-563
564,V_11-564
565,V_11-565
566,V_11-566
567,V_11-567
568,V_11-568
569,V_11-569
570,V_11-570
571,V_11-571
572,V_11-572
573,V_11-573
574,V_11-574
575,V_11-575
576,V_11-576
577,V_11-577
578,V_11-578
579,V_11-579
580,V_11-580
581,V_11-581
582,V_11-582
583,V_11-583
584,V_11-584
585,V_11-585
586,V_11-586
587,V_11-587
588,V_11-588
589,V_11-589
590,V_11-590
591,V_11-591
592,V_11-592
593,V_11-593
594,V_11-594
595,V_11-595
596,V_11-596
597,V_11-597
598,V_11-598
599,V_11-599
600,V_11-600
601,V_11-601
602,V_11-602
603,V_11-603
604,V_11-604
605,V_11-605
606,V_11-606
607,V_11-607
608,V_11-608
609,V_11-609
610,V_11-610
611,V_11-611
612,V_11-612
613,V_11-613
614,V_11-614
615,V_11-615
616,V_11-616
617,V_11-617
618,V_11-618
619,V_11-619
620,V_11-620
621,V_11-621
622,V_11-622
623,V_11-623
624,V_11-624
625,V_11-625
626,V_11-626
627,V_11-627
628,V_11-628
629,V_11-629
630,V_11-630
631,V_11-631
632,V_11-632
633,V_11-633
634,V_11-634
635,V_11-635
636,V_11-636
637,V_11-637
638,V_11-638
639,V_11-639
640,V_11-640
641,V_11-641
642,V_11-642
643,V_11-643
644,V_11-644
645,V_11-645
646,V_11-646
647,V_11-647
648,V_11-648
649,V_11-649
650,V_11-650
651,V_11-651
652,V_11-652
653,V_11-653
654,V_11-654
655,V_11-655
656,V_11-656
657,V_11-657
658,V_11-658
659,V_11-659
660,V_11-660
661,V_11-661
662,V_11-662
663,V_11-663
664,V_11-664
665,V_11-665
666,V_11-666
667,V_11-667
668,V_11-668
669,V_11-669
670,V_11-670
671,V_11-671
672,V_11-672
673,V_11-673
674,V_11-674
675,V_11-675
676,V_11-676
677,V_11-677
678,V_11-678
679,V_11-679
680,V_11-680
681,V_11-681
682,V_11-682
683,V_11-683
684,V_11-684
685,V_11-685
686,V_11-686
687,V_11-687
688,V_11-688
689,V_11-689
690,V_11-690
691,V_11-691
692,V_11-692
693,V_11-693
694,V_11-694
695,V_11-695
696,V_11-696
697,V_11-697
698,V_11-698
699,V_11-699
700,V_11-700
701,V_11-701
702,V_11-702
703,V_11-703
704,V_11-704
705,V_11-705
706,V_11-706
707,V_11-707
708,V_11-708
709,V_11-709
710,V_11-710
711,V_11-711
712,V_11-712
713,V_11-713
714,V_11-714
715,V_11-715
716,V_11-716
717,V_11-717
718,V_11-718
719,V_11-719
720,V_11-720
721,V_11-721
722,V_11-722
723,V_11-723
724,V_11-724
725,V_11-725
726,V_11-726
727,V_11-727
728,V_11-728
729,V_11-729
730,V_11-730
731,V_11-731
732,V_11-732
733,V_11-733
734,V_11-734
735,V_11-735
736,V_11-736
737,V_11-737
738,V_11-738
739,V_11-739
740,V_11-740
741,V_11-741
742,V_11-742
743,V_11-743
744,V_11-744
745,V_11-745
746,V_11-746
747,V_11-747
748,V_11-748
749,V_11-749
750,V_11-750
751,V_11-751
752,V_11-752
753,V_11-753
754,V_11-754
755,V_11-755
756,V_11-756
757,V_11-757
758,V_11-758
759,V_11-759
760,V_11-760
761,V_11-761
762,V_11-762
763,V_11-763
764,V_11-764
765,V_11-765
766,V_11-766
767,V_11-767
768,V_11-768
769,V_11-769
770,V_11-770
771,V_11-771
772,V_11-772
773,V_11-773
774,V_11-774
775,V_11-775
776,V_11-776
777,V_11-777
778,V_11-778
779,V_11-779
780,V_11-780
781,V_11-781
782,V_11-782
783,V_11-783
784,V_11-784
785,V_11-785
786,V_11-786
787,V_11-787
788,V_11-788
789,V_11-789
790,V_11-790
791,V_11-791
792,V_11-792
793,V_11-793
794,V_11-794
795,V_11-795
796,V_11-796
797,V_11-797
798,V_11-798
799,V_11-799
800,V_11-800
801,V_11-801
802,V_11-802
803,V_11-803
804,V_11-804
805,V_11-805
806,V_11-806
807,V_11-807
808,V_11-808
809,V_11-809
810,V_11-810
811,V_11-811
812,V_11-812
813,V_11-813
814,V_11-814
815,V_11-815
816,V_11-816
817,V_11-817
818,V_11-818
819,V_11-819
820,V_11-820
821,V_11-821
822,V_11-822
823,V_11-823
824,V_11-824
825,V_11-825
826,V_11-826
827,V_11-827
828,V_11-828
829,V_11-829
830,V_11-830
831,V_11-831
832,V_11-832
833,V_11-833
834,V_11-834
835,V_11-835
836,V_11-836
837,V_11-837
838,V_11-838
839,V_11-839
840,V_11-840
841,V_11-841
842,V_11-842
843,V_11-843
844,V_11-844
845,V_11-845
846,V_11-846
847,V_11-847
848,V_11-848
849,V_11-849
850,V_11-850
851,V_11-851
852,V_11-852
853,V_11-853
854,V_11-854
855,V_11-855
856,V_11-856
857,V_11-857
858,V_11-858
859,V_11-859
860,V_11-860
861,V_11-861
862,V_11-862
863,V_11-863
864,V_11-864
865,V_11-865
866,V_11-866
867,V_11-867
868,V_11-868
869,V_11-869
870,V_11-870
871,V_11-871
872,V_11-872
873,V_11-873
874,V_11-874
875,V_11-875
876,V_11-876
877,V_11-877
878,V_11-878
879,V_11-879
880,V_11-880
881,V_11-881
882,V_11-882
883,V_11-883
884,V_11-884
885,V_11-885
886,V_11-886
887,V_11-887
888,V_11-888
889,V_11-889
890,V_11-890
891,V_11-891
892,V_11-892
893,V_11-893
894,V_11-894
895,V_11-895
896,V_11-896
897,V_11-897
898,V_11-898
899,V_11-899
900,V_11-900
901,V_11-901
902,V_11-902
903,V_11-903
904,V_11-904
905,V_11-905
906,V_11-906
907,V_11-907
908,V_11-908
909,V_11-909
910,V_11-910
911,V_11-911
912,V_11-912
913,V_11-913
914,V_11-914
915,V_11-915
916,V_11-916
917,V_11-917
918,V_11-918
919,V_11-919
920,V_11-920
921,V_11-921
922,V_11-922
923,V_11-923
924,V_11-924
925,V_11-925
926,V_11-926
927,V_11-927
928,V_11-928
929,V_11-929
930,V_11-930
931,V_11-931
932,V_11-932
933,V_11-933
934,V_11-934
935,V_11-935
936,V_11-936
937,V_11-937
938,V_11-938
939,V_11-939
940,V_11-940
941,V_11-941
942,V_11-942
943,V_11-943
944,V_11-944
945,V_11-945
946,V_11-946
947,V_11-947
948,V_11-948
949,V_11-949
950,V_11-950
951,V_11-951
952,V_11-952
953,V_11-953
954,V_11-954
955,V_11-955
956,V_11-956
957,V_11-957
958,V_11-958
959,V_11-959
960,V_11-960
961,V_11-961
962,V_11-962
963,V_11-963
964,V_11-964
965,V_11-965
966,V_11-966
967,V_11-967
968,V_11-968
969,V_11-969
970,V_11-970
971,V_11-971
972,V_11-972
973,V_11-973
974,V_11-974
975,V_11-975
976,V_11-976
977,V_11-977
978,V_11-978
979,V_11-979
980,V_11-980
981,V_11-981
982,V_11-982
983,V_11-983
984,V_11-984
985,V_11-985
986,V_11-986
987,V_11-987
988,V_11-988
989,V_11-989
990,V_11-990
991,V_11-991
992,V_11-992
993,V_11-993
994,V_11-994
995,V_11-995
996,V_11-996
997,V_11-997
998,V_11-998
999,V_11-999
1000,V_11-1000
